TLD08630,WNMG080404PG,PV720, 290.00 ,KKTLD08630
TSR08630,WNMG080404PG,TN620, 230.00 ,KKTSR08630
TAA08616,WNMG080404PP,CA510, 220.00 ,KKTAA08616
TAB08616,WNMG080404PP,CA515, 220.00 ,KKTAB08616
TAC08616,WNMG080404PP,CA525, 220.00 ,KKTAC08616
TAD08616,WNMG080404PP,CA530, 220.00 ,KKTAD08616
TJC08616,WNMG080404PP,PV7010, 290.00 ,KKTJC08616
TJM08616,WNMG080404PP,PV7025, 290.00 ,KKTJM08616
TLD08616,WNMG080404PP,PV720, 290.00 ,KKTLD08616
TSC08616,WNMG080404PP,TN6010, 230.00 ,KKTSC08616
TSQ08616,WNMG080404PP,TN6020, 230.00 ,KKTSQ08616
TSR08616,WNMG080404PP,TN620, 230.00 ,KKTSR08616
TAA08547,WNMG080404PQ,CA510, 220.00 ,KKTAA08547
TAB08547,WNMG080404PQ,CA515, 220.00 ,KKTAB08547
TAC08547,WNMG080404PQ,CA525, 220.00 ,KKTAC08547
TAD08547,WNMG080404PQ,CA530, 220.00 ,KKTAD08547
TJQ08547,WNMG080404PQ,CA5515, 245.00 ,KKTJQ08547
TJR08547,WNMG080404PQ,CA5525, 245.00 ,KKTJR08547
TJC08622,WNMG080404PQ,PV7010, 290.00 ,KKTJC08622
TJM08622,WNMG080404PQ,PV7025, 290.00 ,KKTJM08622
TLD08622,WNMG080404PQ,PV720, 290.00 ,KKTLD08622
TSC08622,WNMG080404PQ,TN6010, 230.00 ,KKTSC08622
TSQ08622,WNMG080404PQ,TN6020, 230.00 ,KKTSQ08622
TSR08622,WNMG080404PQ,TN620, 230.00 ,KKTSR08622
TAA08550,WNMG080404PS,CA510, 220.00 ,KKTAA08550
TAB08550,WNMG080404PS,CA515, 220.00 ,KKTAB08550
TAC08550,WNMG080404PS,CA525, 220.00 ,KKTAC08550
TAD08550,WNMG080404PS,CA530, 220.00 ,KKTAD08550
TJS08550,WNMG080404PS,CA5505, 245.00 ,KKTJS08550
TJQ08550,WNMG080404PS,CA5515, 245.00 ,KKTJQ08550
TJR08550,WNMG080404PS,CA5525, 245.00 ,KKTJR08550
TJT08550,WNMG080404PS,CA5535, 245.00 ,KKTJT08550
TJU08550,WNMG080404PS,CA6515, 220.00 ,KKTJU08550
TJV08550,WNMG080404PS,CA6525, 220.00 ,KKTJV08550
TJZ08550,WNMG080404PS,PR1125, 230.00 ,KKTJZ08550
TJC08611,WNMG080404PS,PV7010, 290.00 ,KKTJC08611
TJM08611,WNMG080404PS,PV7025, 290.00 ,KKTJM08611
TSC08611,WNMG080404PS,TN6010, 230.00 ,KKTSC08611
TJU08641,WNMG080404TK,CA6515, 220.00 ,KKTJU08641
TJV08641,WNMG080404TK,CA6525, 220.00 ,KKTJV08641
TJZ08641,WNMG080404TK,PR1125, 230.00 ,KKTJZ08641
TKP08641,WNMG080404TK,PR1305, 255.00 ,KKTKP08641
TKR08641,WNMG080404TK,PR1310, 255.00 ,KKTKR08641
TKQ08641,WNMG080404TK,PR1325, 255.00 ,KKTKQ08641
TAA08605,WNMG080404WP,CA510, 220.00 ,KKTAA08605
TAB08605,WNMG080404WP,CA515, 220.00 ,KKTAB08605
TAC08605,WNMG080404WP,CA525, 220.00 ,KKTAC08605
TAD08605,WNMG080404WP,CA530, 220.00 ,KKTAD08605
TJS08605,WNMG080404WP,CA5505, 245.00 ,KKTJS08605
TJQ08605,WNMG080404WP,CA5515, 245.00 ,KKTJQ08605
TJR08605,WNMG080404WP,CA5525, 245.00 ,KKTJR08605
TJC08655,WNMG080404WP,PV7010, 290.00 ,KKTJC08655
TJL08655,WNMG080404WP,PV7020, 300.00 ,KKTJL08655
TJM08655,WNMG080404WP,PV7025, 290.00 ,KKTJM08655
TLD08655,WNMG080404WP,PV720, 290.00 ,KKTLD08655
TSC08655,WNMG080404WP,TN6010, 230.00 ,KKTSC08655
TSQ08655,WNMG080404WP,TN6020, 230.00 ,KKTSQ08655
TSR08655,WNMG080404WP,TN620, 230.00 ,KKTSR08655
TAA08540,WNMG080404WQ,CA510, 220.00 ,KKTAA08540
TAB08540,WNMG080404WQ,CA515, 220.00 ,KKTAB08540
TAC08540,WNMG080404WQ,CA525, 220.00 ,KKTAC08540
TAD08540,WNMG080404WQ,CA530, 220.00 ,KKTAD08540
TJS08540,WNMG080404WQ,CA5505, 245.00 ,KKTJS08540
TJQ08540,WNMG080404WQ,CA5515, 245.00 ,KKTJQ08540
TJR08540,WNMG080404WQ,CA5525, 245.00 ,KKTJR08540
TJC08650,WNMG080404WQ,PV7010, 290.00 ,KKTJC08650
TJL08650,WNMG080404WQ,PV7020, 300.00 ,KKTJL08650
TJM08650,WNMG080404WQ,PV7025, 290.00 ,KKTJM08650
TLD08650,WNMG080404WQ,PV720, 290.00 ,KKTLD08650
TKZ04268,WNMG080404WQ,PV90, 300.00 ,KKTKZ04268
TSC08650,WNMG080404WQ,TN6010, 230.00 ,KKTSC08650
TSQ08650,WNMG080404WQ,TN6020, 230.00 ,KKTSQ08650
TSR08650,WNMG080404WQ,TN620, 230.00 ,KKTSR08650
TAA08560,WNMG080404XP,CA510, 220.00 ,KKTAA08560
TAB08560,WNMG080404XP,CA515, 220.00 ,KKTAB08560
TAC08560,WNMG080404XP,CA525, 220.00 ,KKTAC08560
TAD08560,WNMG080404XP,CA530, 220.00 ,KKTAD08560
TJQ08560,WNMG080404XP,CA5515, 245.00 ,KKTJQ08560
TJR08560,WNMG080404XP,CA5525, 245.00 ,KKTJR08560
TJC08670,WNMG080404XP,PV7010, 290.00 ,KKTJC08670
TJL08670,WNMG080404XP,PV7020, 300.00 ,KKTJL08670
TJM08670,WNMG080404XP,PV7025, 290.00 ,KKTJM08670
TLD08670,WNMG080404XP,PV720, 290.00 ,KKTLD08670
TKZ04271,WNMG080404XP,PV90, 300.00 ,KKTKZ04271
TSJ04006,WNMG080404XP,TN60, 240.00 ,KKTSJ04006
TSQ08670,WNMG080404XP,TN6020, 230.00 ,KKTSQ08670
TSR08670,WNMG080404XP,TN620, 230.00 ,KKTSR08670
TAA08570,WNMG080404XQ,CA510, 220.00 ,KKTAA08570
TAB08570,WNMG080404XQ,CA515, 220.00 ,KKTAB08570
TAC08570,WNMG080404XQ,CA525, 220.00 ,KKTAC08570
TAD08570,WNMG080404XQ,CA530, 220.00 ,KKTAD08570
TJS08570,WNMG080404XQ,CA5505, 245.00 ,KKTJS08570
TJQ08570,WNMG080404XQ,CA5515, 245.00 ,KKTJQ08570
TJR08570,WNMG080404XQ,CA5525, 245.00 ,KKTJR08570
TJC08675,WNMG080404XQ,PV7010, 290.00 ,KKTJC08675
TJL08675,WNMG080404XQ,PV7020, 300.00 ,KKTJL08675
TJM08675,WNMG080404XQ,PV7025, 290.00 ,KKTJM08675
TLD08675,WNMG080404XQ,PV720, 290.00 ,KKTLD08675
TKZ04275,WNMG080404XQ,PV90, 300.00 ,KKTKZ04275
TSQ08675,WNMG080404XQ,TN6020, 230.00 ,KKTSQ08675
TSR08675,WNMG080404XQ,TN620, 230.00 ,KKTSR08675
TJD08351,WNMG080408,CA4505, 220.00 ,KKTJD08351
TJH08351,WNMG080408,CA4515, 220.00 ,KKTJH08351
TAA08351,WNMG080408,CA510, 220.00 ,KKTAA08351
TAB08351,WNMG080408,CA515, 220.00 ,KKTAB08351
TAC08351,WNMG080408,CA525, 220.00 ,KKTAC08351
TAD08351,WNMG080408,CA530, 220.00 ,KKTAD08351
TJS08351,WNMG080408,CA5505, 245.00 ,KKTJS08351
TJQ08351,WNMG080408,CA5515, 245.00 ,KKTJQ08351
TJR08351,WNMG080408,CA5525, 245.00 ,KKTJR08351
TJT08351,WNMG080408,CA5535, 245.00 ,KKTJT08351
TJU08351,WNMG080408,CA6515, 220.00 ,KKTJU08351
TJV08351,WNMG080408,CA6525, 220.00 ,KKTJV08351
TJZ08351,WNMG080408,PR1125, 230.00 ,KKTJZ08351
TJA08567,WNMG080408,PV7005, 290.00 ,KKTJA08567
TJC08567,WNMG080408,PV7010, 290.00 ,KKTJC08567
TSJ03985,WNMG080408,TN60, 240.00 ,KKTSJ03985
TSC08567,WNMG080408,TN6010, 230.00 ,KKTSC08567
TWE64432,WNMG080408AH,KW10, 285.00 ,KKTWE64432
TJD08386,WNMG080408C,CA4505, 220.00 ,KKTJD08386
TJH08386,WNMG080408C,CA4515, 220.00 ,KKTJH08386
TJS08386,WNMG080408C,CA5505, 245.00 ,KKTJS08386
TAA08411,WNMG080408CJ,CA510, 220.00 ,KKTAA08411
TAB08411,WNMG080408CJ,CA515, 220.00 ,KKTAB08411
TAC08411,WNMG080408CJ,CA525, 220.00 ,KKTAC08411
TAD08411,WNMG080408CJ,CA530, 220.00 ,KKTAD08411
TJS08411,WNMG080408CJ,CA5505, 245.00 ,KKTJS08411
TJQ08411,WNMG080408CJ,CA5515, 245.00 ,KKTJQ08411
TJR08411,WNMG080408CJ,CA5525, 245.00 ,KKTJR08411
TJT08411,WNMG080408CJ,CA5535, 245.00 ,KKTJT08411
TAA08390,WNMG080408CQ,CA510, 220.00 ,KKTAA08390
TAB08390,WNMG080408CQ,CA515, 220.00 ,KKTAB08390
TAC08390,WNMG080408CQ,CA525, 220.00 ,KKTAC08390
TAD08390,WNMG080408CQ,CA530, 220.00 ,KKTAD08390
TJS08390,WNMG080408CQ,CA5505, 245.00 ,KKTJS08390
TJQ08390,WNMG080408CQ,CA5515, 245.00 ,KKTJQ08390
TJR08390,WNMG080408CQ,CA5525, 245.00 ,KKTJR08390
TJT08390,WNMG080408CQ,CA5535, 245.00 ,KKTJT08390
TJC08571,WNMG080408CQ,PV7010, 290.00 ,KKTJC08571
TJL08571,WNMG080408CQ,PV7020, 300.00 ,KKTJL08571
TJM08596,WNMG080408CQ,PV7025, 290.00 ,KKTJM08596
TLD08596,WNMG080408CQ,PV720, 290.00 ,KKTLD08596
TKZ04293,WNMG080408CQ,PV90, 300.00 ,KKTKZ04293
TSJ04023,WNMG080408CQ,TN60, 240.00 ,KKTSJ04023
TSC08571,WNMG080408CQ,TN6010, 230.00 ,KKTSC08571
TSQ08596,WNMG080408CQ,TN6020, 230.00 ,KKTSQ08596
TSR08596,WNMG080408CQ,TN620, 230.00 ,KKTSR08596
TJD08430,WNMG080408GC,CA4505, 220.00 ,KKTJD08430
TJH08430,WNMG080408GC,CA4515, 220.00 ,KKTJH08430
TJS08430,WNMG080408GC,CA5505, 245.00 ,KKTJS08430
TJC08587,WNMG080408GP,PV7010, 290.00 ,KKTJC08587
TJL08587,WNMG080408GP,PV7020, 300.00 ,KKTJL08587
TJM08587,WNMG080408GP,PV7025, 290.00 ,KKTJM08587
TKZ04291,WNMG080408GP,PV90, 300.00 ,KKTKZ04291
TSJ04003,WNMG080408GP,TN60, 240.00 ,KKTSJ04003
TSC08587,WNMG080408GP,TN6010, 230.00 ,KKTSC08587
TSQ08587,WNMG080408GP,TN6020, 230.00 ,KKTSQ08587
TLD08587,WNMG080408GP,PV720, 290.00 ,KKTLD08587
TSR08587,WNMG080408GP,TN620, 230.00 ,KKTSR08587
TAA08451,WNMG080408GS,CA510, 220.00 ,KKTAA08451
TAB08451,WNMG080408GS,CA515, 220.00 ,KKTAB08451
TAC08451,WNMG080408GS,CA525, 220.00 ,KKTAC08451
TAD08451,WNMG080408GS,CA530, 220.00 ,KKTAD08451
TJQ08451,WNMG080408GS,CA5515, 245.00 ,KKTJQ08451
TJR08451,WNMG080408GS,CA5525, 245.00 ,KKTJR08451
TJL08581,WNMG080408GS,PV7020, 300.00 ,KKTJL08581
TJM08581,WNMG080408GS,PV7025, 290.00 ,KKTJM08581
TKZ04281,WNMG080408GS,PV90, 300.00 ,KKTKZ04281
TAA08460,WNMG080408GT,CA510, 220.00 ,KKTAA08460
TAB08460,WNMG080408GT,CA515, 220.00 ,KKTAB08460
TAC08460,WNMG080408GT,CA525, 220.00 ,KKTAC08460
TAD08460,WNMG080408GT,CA530, 220.00 ,KKTAD08460
TJQ08460,WNMG080408GT,CA5515, 245.00 ,KKTJQ08460
TJR08460,WNMG080408GT,CA5525, 245.00 ,KKTJR08460
TKZ04286,WNMG080408GT,PV90, 300.00 ,KKTKZ04286
TJU08471,WNMG080408GU,CA6515, 220.00 ,KKTJU08471
TJV08471,WNMG080408GU,CA6525, 220.00 ,KKTJV08471
TAA08501,WNMG080408HQ,CA510, 220.00 ,KKTAA08501
TAB08501,WNMG080408HQ,CA515, 220.00 ,KKTAB08501
TAC08501,WNMG080408HQ,CA525, 220.00 ,KKTAC08501
TAD08501,WNMG080408HQ,CA530, 220.00 ,KKTAD08501
TJS08501,WNMG080408HQ,CA5505, 245.00 ,KKTJS08501
TJQ08501,WNMG080408HQ,CA5515, 245.00 ,KKTJQ08501
TJR08501,WNMG080408HQ,CA5525, 245.00 ,KKTJR08501
TJT08501,WNMG080408HQ,CA5535, 245.00 ,KKTJT08501
TJU08501,WNMG080408HQ,CA6515, 220.00 ,KKTJU08501
TJV08501,WNMG080408HQ,CA6525, 220.00 ,KKTJV08501
TJZ08501,WNMG080408HQ,PR1125, 230.00 ,KKTJZ08501
TJC08601,WNMG080408HQ,PV7010, 290.00 ,KKTJC08601
TJL08601,WNMG080408HQ,PV7020, 300.00 ,KKTJL08601
TJM08601,WNMG080408HQ,PV7025, 290.00 ,KKTJM08601
TLD08601,WNMG080408HQ,PV720, 290.00 ,KKTLD08601
TKZ04221,WNMG080408HQ,PV90, 300.00 ,KKTKZ04221
TSJ03852,WNMG080408HQ,TN60, 240.00 ,KKTSJ03852
TSC08601,WNMG080408HQ,TN6010, 230.00 ,KKTSC08601
TSQ08601,WNMG080408HQ,TN6020, 230.00 ,KKTSQ08601
TSR08601,WNMG080408HQ,TN620, 230.00 ,KKTSR08601
TJQ08511,WNMG080408HS,CA5515, 245.00 ,KKTJQ08511
TJR08511,WNMG080408HS,CA5525, 245.00 ,KKTJR08511
TJL08605,WNMG080408HS,PV7020, 300.00 ,KKTJL08605
TKZ04231,WNMG080408HS,PV90, 300.00 ,KKTKZ04231
TSJ03856,WNMG080408HS,TN60, 240.00 ,KKTSJ03856
TSQ08605,WNMG080408HS,TN6020, 230.00 ,KKTSQ08605
TJR08530,WNMG080408HU,CA5525, 245.00 ,KKTJR08530
TJU08530,WNMG080408HU,CA6515, 220.00 ,KKTJU08530
TJV08530,WNMG080408HU,CA6525, 220.00 ,KKTJV08530
TJU08627,WNMG080408MQ,CA6515, 220.00 ,KKTJU08627
TJV08627,WNMG080408MQ,CA6525, 220.00 ,KKTJV08627
TJZ08627,WNMG080408MQ,PR1125, 230.00 ,KKTJZ08627
TKP08627,WNMG080408MQ,PR1305, 255.00 ,KKTKP08627
TKR08627,WNMG080408MQ,PR1310, 255.00 ,KKTKR08627
TKQ08627,WNMG080408MQ,PR1325, 255.00 ,KKTKQ08627
TLC58627,WNMG080408MQ,PR1535, 255.00 ,KKTLC58627
TWH08627,WNMG080408MQ,SW05, 245.00 ,KKTWH08627
TJU08632,WNMG080408MS,CA6515, 220.00 ,KKTJU08632
TJV08632,WNMG080408MS,CA6525, 220.00 ,KKTJV08632
TJZ08632,WNMG080408MS,PR1125, 230.00 ,KKTJZ08632
TKP08632,WNMG080408MS,PR1305, 255.00 ,KKTKP08632
TKR08632,WNMG080408MS,PR1310, 255.00 ,KKTKR08632
TKQ08632,WNMG080408MS,PR1325, 255.00 ,KKTKQ08632
TLC58632,WNMG080408MS,PR1535, 255.00 ,KKTLC58632
TWH08632,WNMG080408MS,SW05, 245.00 ,KKTWH08632
TJU08637,WNMG080408MU,CA6515, 220.00 ,KKTJU08637
TJV08637,WNMG080408MU,CA6525, 220.00 ,KKTJV08637
TJZ08637,WNMG080408MU,PR1125, 230.00 ,KKTJZ08637
TKP08637,WNMG080408MU,PR1305, 255.00 ,KKTKP08637
TKR08637,WNMG080408MU,PR1310, 255.00 ,KKTKR08637
TKQ08637,WNMG080408MU,PR1325, 255.00 ,KKTKQ08637
TLC58637,WNMG080408MU,PR1535, 255.00 ,KKTLC58637
TWH08637,WNMG080408MU,SW05, 245.00 ,KKTWH08637
TAA08611,WNMG080408PG,CA510, 220.00 ,KKTAA08611
TAB08611,WNMG080408PG,CA515, 220.00 ,KKTAB08611
TAC08611,WNMG080408PG,CA525, 220.00 ,KKTAC08611
TAD08611,WNMG080408PG,CA530, 220.00 ,KKTAD08611
TLC58645,WNMG080408PG,PR1535, 255.00 ,KKTLC58645
TLD08631,WNMG080408PG,PV720, 290.00 ,KKTLD08631
TSR08631,WNMG080408PG,TN620, 230.00 ,KKTSR08631
TJD08545,WNMG080408PH,CA4505, 220.00 ,KKTJD08545
TJH08545,WNMG080408PH,CA4515, 220.00 ,KKTJH08545
TAA08545,WNMG080408PH,CA510, 220.00 ,KKTAA08545
TAB08545,WNMG080408PH,CA515, 220.00 ,KKTAB08545
TAC08545,WNMG080408PH,CA525, 220.00 ,KKTAC08545
TAD08545,WNMG080408PH,CA530, 220.00 ,KKTAD08545
TAA08617,WNMG080408PP,CA510, 220.00 ,KKTAA08617
TAB08617,WNMG080408PP,CA515, 220.00 ,KKTAB08617
TAC08617,WNMG080408PP,CA525, 220.00 ,KKTAC08617
TAD08617,WNMG080408PP,CA530, 220.00 ,KKTAD08617
TJC08617,WNMG080408PP,PV7010, 290.00 ,KKTJC08617
TJM08617,WNMG080408PP,PV7025, 290.00 ,KKTJM08617
TLD08617,WNMG080408PP,PV720, 290.00 ,KKTLD08617
TSC08617,WNMG080408PP,TN6010, 230.00 ,KKTSC08617
TSQ08617,WNMG080408PP,TN6020, 230.00 ,KKTSQ08617
TSR08617,WNMG080408PP,TN620, 230.00 ,KKTSR08617
TAA08548,WNMG080408PQ,CA510, 220.00 ,KKTAA08548
TAB08548,WNMG080408PQ,CA515, 220.00 ,KKTAB08548
TAC08548,WNMG080408PQ,CA525, 220.00 ,KKTAC08548
TAD08548,WNMG080408PQ,CA530, 220.00 ,KKTAD08548
TJQ08548,WNMG080408PQ,CA5515, 245.00 ,KKTJQ08548
TJR08548,WNMG080408PQ,CA5525, 245.00 ,KKTJR08548
TJC08623,WNMG080408PQ,PV7010, 290.00 ,KKTJC08623
TJM08623,WNMG080408PQ,PV7025, 290.00 ,KKTJM08623
TLD08623,WNMG080408PQ,PV720, 290.00 ,KKTLD08623
TSC08623,WNMG080408PQ,TN6010, 230.00 ,KKTSC08623
TSQ08623,WNMG080408PQ,TN6020, 230.00 ,KKTSQ08623
TSR08623,WNMG080408PQ,TN620, 230.00 ,KKTSR08623
TAA08551,WNMG080408PS,CA510, 220.00 ,KKTAA08551
TAB08551,WNMG080408PS,CA515, 220.00 ,KKTAB08551
TAC08551,WNMG080408PS,CA525, 220.00 ,KKTAC08551
TAD08551,WNMG080408PS,CA530, 220.00 ,KKTAD08551
TJS08551,WNMG080408PS,CA5505, 245.00 ,KKTJS08551
TJQ08551,WNMG080408PS,CA5515, 245.00 ,KKTJQ08551
TJR08551,WNMG080408PS,CA5525, 245.00 ,KKTJR08551
TJT08551,WNMG080408PS,CA5535, 245.00 ,KKTJT08551
TJU08551,WNMG080408PS,CA6515, 220.00 ,KKTJU08551
TJV08551,WNMG080408PS,CA6525, 220.00 ,KKTJV08551
TJZ08551,WNMG080408PS,PR1125, 230.00 ,KKTJZ08551
TJC08612,WNMG080408PS,PV7010, 290.00 ,KKTJC08612
TJM08612,WNMG080408PS,PV7025, 290.00 ,KKTJM08612
TSC08612,WNMG080408PS,TN6010, 230.00 ,KKTSC08612
TAA08556,WNMG080408PT,CA510, 220.00 ,KKTAA08556
TAB08556,WNMG080408PT,CA515, 220.00 ,KKTAB08556
TAC08556,WNMG080408PT,CA525, 220.00 ,KKTAC08556
TAD08556,WNMG080408PT,CA530, 220.00 ,KKTAD08556
TJS08556,WNMG080408PT,CA5505, 245.00 ,KKTJS08556
TJQ08556,WNMG080408PT,CA5515, 245.00 ,KKTJQ08556
TJR08556,WNMG080408PT,CA5525, 245.00 ,KKTJR08556
TJT08556,WNMG080408PT,CA5535, 245.00 ,KKTJT08556
TJU08556,WNMG080408PT,CA6515, 220.00 ,KKTJU08556
TJV08556,WNMG080408PT,CA6525, 220.00 ,KKTJV08556
TJU08642,WNMG080408TK,CA6515, 220.00 ,KKTJU08642
TJV08642,WNMG080408TK,CA6525, 220.00 ,KKTJV08642
TJZ08642,WNMG080408TK,PR1125, 230.00 ,KKTJZ08642
TKP08642,WNMG080408TK,PR1305, 255.00 ,KKTKP08642
TKR08642,WNMG080408TK,PR1310, 255.00 ,KKTKR08642
TKQ08642,WNMG080408TK,PR1325, 255.00 ,KKTKQ08642
TAA08606,WNMG080408WP,CA510, 220.00 ,KKTAA08606
TAB08606,WNMG080408WP,CA515, 220.00 ,KKTAB08606
TAC08606,WNMG080408WP,CA525, 220.00 ,KKTAC08606
TAD08606,WNMG080408WP,CA530, 220.00 ,KKTAD08606
TJS08606,WNMG080408WP,CA5505, 245.00 ,KKTJS08606
TJQ08606,WNMG080408WP,CA5515, 245.00 ,KKTJQ08606
TJR08606,WNMG080408WP,CA5525, 245.00 ,KKTJR08606
TJC08656,WNMG080408WP,PV7010, 290.00 ,KKTJC08656
TJL08656,WNMG080408WP,PV7020, 300.00 ,KKTJL08656
TJM08656,WNMG080408WP,PV7025, 290.00 ,KKTJM08656
TLD08656,WNMG080408WP,PV720, 290.00 ,KKTLD08656
TSQ08656,WNMG080408WP,TN6020, 230.00 ,KKTSQ08656
TSR08656,WNMG080408WP,TN620, 230.00 ,KKTSR08656
TAA08541,WNMG080408WQ,CA510, 220.00 ,KKTAA08541
TAB08541,WNMG080408WQ,CA515, 220.00 ,KKTAB08541
TAC08541,WNMG080408WQ,CA525, 220.00 ,KKTAC08541
TAD08541,WNMG080408WQ,CA530, 220.00 ,KKTAD08541
TJS08541,WNMG080408WQ,CA5505, 245.00 ,KKTJS08541
TJQ08541,WNMG080408WQ,CA5515, 245.00 ,KKTJQ08541
TJR08541,WNMG080408WQ,CA5525, 245.00 ,KKTJR08541
TJC08651,WNMG080408WQ,PV7010, 290.00 ,KKTJC08651
TJL08651,WNMG080408WQ,PV7020, 300.00 ,KKTJL08651
TJM08651,WNMG080408WQ,PV7025, 290.00 ,KKTJM08651
TLD08651,WNMG080408WQ,PV720, 290.00 ,KKTLD08651
TKZ04269,WNMG080408WQ,PV90, 300.00 ,KKTKZ04269
TSQ08651,WNMG080408WQ,TN6020, 230.00 ,KKTSQ08651
TSR08651,WNMG080408WQ,TN620, 230.00 ,KKTSR08651
TAA08561,WNMG080408XP,CA510, 220.00 ,KKTAA08561
TAB08561,WNMG080408XP,CA515, 220.00 ,KKTAB08561
TAC08561,WNMG080408XP,CA525, 220.00 ,KKTAC08561
TAD08561,WNMG080408XP,CA530, 220.00 ,KKTAD08561
TJQ08561,WNMG080408XP,CA5515, 245.00 ,KKTJQ08561
TJR08561,WNMG080408XP,CA5525, 245.00 ,KKTJR08561
TJC08671,WNMG080408XP,PV7010, 290.00 ,KKTJC08671
TJL08671,WNMG080408XP,PV7020, 300.00 ,KKTJL08671
TJM08671,WNMG080408XP,PV7025, 290.00 ,KKTJM08671
TLD08671,WNMG080408XP,PV720, 290.00 ,KKTLD08671
TKZ04272,WNMG080408XP,PV90, 300.00 ,KKTKZ04272
TSJ04007,WNMG080408XP,TN60, 240.00 ,KKTSJ04007
TSQ08671,WNMG080408XP,TN6020, 230.00 ,KKTSQ08671
TSR08671,WNMG080408XP,TN620, 230.00 ,KKTSR08671
TAA08571,WNMG080408XQ,CA510, 220.00 ,KKTAA08571
TAB08571,WNMG080408XQ,CA515, 220.00 ,KKTAB08571
TAC08571,WNMG080408XQ,CA525, 220.00 ,KKTAC08571
TAD08571,WNMG080408XQ,CA530, 220.00 ,KKTAD08571
TJQ08571,WNMG080408XQ,CA5515, 245.00 ,KKTJQ08571
TJR08571,WNMG080408XQ,CA5525, 245.00 ,KKTJR08571
TJC08676,WNMG080408XQ,PV7010, 290.00 ,KKTJC08676
TJL08676,WNMG080408XQ,PV7020, 300.00 ,KKTJL08676
TJM08676,WNMG080408XQ,PV7025, 290.00 ,KKTJM08676
TLD08676,WNMG080408XQ,PV720, 290.00 ,KKTLD08676
TKZ04276,WNMG080408XQ,PV90, 300.00 ,KKTKZ04276
TSJ04011,WNMG080408XQ,TN60, 240.00 ,KKTSJ04011
TSQ08676,WNMG080408XQ,TN6020, 230.00 ,KKTSQ08676
TSR08676,WNMG080408XQ,TN620, 230.00 ,KKTSR08676
TAA08580,WNMG080408XS,CA510, 220.00 ,KKTAA08580
TAB08580,WNMG080408XS,CA515, 220.00 ,KKTAB08580
TAC08580,WNMG080408XS,CA525, 220.00 ,KKTAC08580
TAD08580,WNMG080408XS,CA530, 220.00 ,KKTAD08580
TJS08580,WNMG080408XS,CA5505, 245.00 ,KKTJS08580
TJQ08580,WNMG080408XS,CA5515, 245.00 ,KKTJQ08580
TJR08580,WNMG080408XS,CA5525, 245.00 ,KKTJR08580
TJL08681,WNMG080408XS,PV7020, 300.00 ,KKTJL08681
TJM08681,WNMG080408XS,PV7025, 290.00 ,KKTJM08681
TLD08681,WNMG080408XS,PV720, 290.00 ,KKTLD08681
TKZ04253,WNMG080408XS,PV90, 300.00 ,KKTKZ04253
TSQ08681,WNMG080408XS,TN6020, 230.00 ,KKTSQ08681
TSR08681,WNMG080408XS,TN620, 230.00 ,KKTSR08681
TJD08620,WNMG080408ZS,CA4505, 220.00 ,KKTJD08620
TJH08620,WNMG080408ZS,CA4515, 220.00 ,KKTJH08620
TJS08620,WNMG080408ZS,CA5505, 245.00 ,KKTJS08620
TJQ08620,WNMG080408ZS,CA5515, 245.00 ,KKTJQ08620
TJD08352,WNMG080412,CA4505, 220.00 ,KKTJD08352
TJH08352,WNMG080412,CA4515, 220.00 ,KKTJH08352
TAA08352,WNMG080412,CA510, 220.00 ,KKTAA08352
TAB08352,WNMG080412,CA515, 220.00 ,KKTAB08352
TAC08352,WNMG080412,CA525, 220.00 ,KKTAC08352
TAD08352,WNMG080412,CA530, 220.00 ,KKTAD08352
TJS08352,WNMG080412,CA5505, 245.00 ,KKTJS08352
TJQ08352,WNMG080412,CA5515, 245.00 ,KKTJQ08352
TJR08352,WNMG080412,CA5525, 245.00 ,KKTJR08352
TJT08352,WNMG080412,CA5535, 245.00 ,KKTJT08352
TJU08352,WNMG080412,CA6515, 220.00 ,KKTJU08352
TJV08352,WNMG080412,CA6525, 220.00 ,KKTJV08352
TJZ08352,WNMG080412,PR1125, 230.00 ,KKTJZ08352
TJH08387,WNMG080412C,CA4515, 220.00 ,KKTJH08387
TJS08387,WNMG080412C,CA5505, 245.00 ,KKTJS08387
TAA08412,WNMG080412CJ,CA510, 220.00 ,KKTAA08412
TAB08412,WNMG080412CJ,CA515, 220.00 ,KKTAB08412
TAC08412,WNMG080412CJ,CA525, 220.00 ,KKTAC08412
TAD08412,WNMG080412CJ,CA530, 220.00 ,KKTAD08412
TJS08412,WNMG080412CJ,CA5505, 245.00 ,KKTJS08412
TJQ08412,WNMG080412CJ,CA5515, 245.00 ,KKTJQ08412
TJR08412,WNMG080412CJ,CA5525, 245.00 ,KKTJR08412
TJT08412,WNMG080412CJ,CA5535, 245.00 ,KKTJT08412
TAA08391,WNMG080412CQ,CA510, 220.00 ,KKTAA08391
TAB08391,WNMG080412CQ,CA515, 220.00 ,KKTAB08391
TAC08391,WNMG080412CQ,CA525, 220.00 ,KKTAC08391
TAD08391,WNMG080412CQ,CA530, 220.00 ,KKTAD08391
TJS08391,WNMG080412CQ,CA5505, 245.00 ,KKTJS08391
TJQ08391,WNMG080412CQ,CA5515, 245.00 ,KKTJQ08391
TJR08391,WNMG080412CQ,CA5525, 245.00 ,KKTJR08391
TJT08391,WNMG080412CQ,CA5535, 245.00 ,KKTJT08391
TJL08572,WNMG080412CQ,PV7020, 300.00 ,KKTJL08572
TJM08597,WNMG080412CQ,PV7025, 290.00 ,KKTJM08597
TLD08597,WNMG080412CQ,PV720, 290.00 ,KKTLD08597
TSJ04024,WNMG080412CQ,TN60, 240.00 ,KKTSJ04024
TSQ08597,WNMG080412CQ,TN6020, 230.00 ,KKTSQ08597
TSR08597,WNMG080412CQ,TN620, 230.00 ,KKTSR08597
TJH08431,WNMG080412GC,CA4515, 220.00 ,KKTJH08431
TJS08431,WNMG080412GC,CA5505, 245.00 ,KKTJS08431
TAA08452,WNMG080412GS,CA510, 220.00 ,KKTAA08452
TAB08452,WNMG080412GS,CA515, 220.00 ,KKTAB08452
TAC08452,WNMG080412GS,CA525, 220.00 ,KKTAC08452
TAD08452,WNMG080412GS,CA530, 220.00 ,KKTAD08452
TJQ08452,WNMG080412GS,CA5515, 245.00 ,KKTJQ08452
TJR08452,WNMG080412GS,CA5525, 245.00 ,KKTJR08452
TAA08461,WNMG080412GT,CA510, 220.00 ,KKTAA08461
TAB08461,WNMG080412GT,CA515, 220.00 ,KKTAB08461
TAC08461,WNMG080412GT,CA525, 220.00 ,KKTAC08461
TAD08461,WNMG080412GT,CA530, 220.00 ,KKTAD08461
TJQ08461,WNMG080412GT,CA5515, 245.00 ,KKTJQ08461
TJR08461,WNMG080412GT,CA5525, 245.00 ,KKTJR08461
TAA08502,WNMG080412HQ,CA510, 220.00 ,KKTAA08502
TAB08502,WNMG080412HQ,CA515, 220.00 ,KKTAB08502
TAC08502,WNMG080412HQ,CA525, 220.00 ,KKTAC08502
TAD08502,WNMG080412HQ,CA530, 220.00 ,KKTAD08502
TJQ08502,WNMG080412HQ,CA5515, 245.00 ,KKTJQ08502
TJR08502,WNMG080412HQ,CA5525, 245.00 ,KKTJR08502
TJT08502,WNMG080412HQ,CA5535, 245.00 ,KKTJT08502
TJC08602,WNMG080412HQ,PV7010, 290.00 ,KKTJC08602
TJL08602,WNMG080412HQ,PV7020, 300.00 ,KKTJL08602
TJM08602,WNMG080412HQ,PV7025, 290.00 ,KKTJM08602
TKZ04222,WNMG080412HQ,PV90, 300.00 ,KKTKZ04222
TSJ03853,WNMG080412HQ,TN60, 240.00 ,KKTSJ03853
TSQ08602,WNMG080412HQ,TN6020, 230.00 ,KKTSQ08602
TJQ08512,WNMG080412HS,CA5515, 230.00 ,KKTJQ08512
TJR08512,WNMG080412HS,CA5525, 230.00 ,KKTJR08512
TJL08606,WNMG080412HS,PV7020, 300.00 ,KKTJL08606
TKZ04232,WNMG080412HS,PV90, 300.00 ,KKTKZ04232
TSJ03858,WNMG080412HS,TN60, 240.00 ,KKTSJ03858
TSQ08606,WNMG080412HS,TN6020, 230.00 ,KKTSQ08606
TJV08531,WNMG080412HU,CA6525, 220.00 ,KKTJV08531
TJU08633,WNMG080412MS,CA6515, 220.00 ,KKTJU08633
TJV08633,WNMG080412MS,CA6525, 220.00 ,KKTJV08633
TJZ08633,WNMG080412MS,PR1125, 230.00 ,KKTJZ08633
TKP08633,WNMG080412MS,PR1305, 255.00 ,KKTKP08633
TKR08633,WNMG080412MS,PR1310, 255.00 ,KKTKR08633
TKQ08633,WNMG080412MS,PR1325, 255.00 ,KKTKQ08633
TLC58633,WNMG080412MS,PR1535, 255.00 ,KKTLC58633
TWH08633,WNMG080412MS,SW05, 245.00 ,KKTWH08633
TAA08612,WNMG080412PG,CA510, 220.00 ,KKTAA08612
TAB08612,WNMG080412PG,CA515, 220.00 ,KKTAB08612
TAC08612,WNMG080412PG,CA525, 220.00 ,KKTAC08612
TAD08612,WNMG080412PG,CA530, 220.00 ,KKTAD08612
TLC58646,WNMG080412PG,PR1535, 255.00 ,KKTLC58646
TJD08546,WNMG080412PH,CA4505, 220.00 ,KKTJD08546
TJH08546,WNMG080412PH,CA4515, 220.00 ,KKTJH08546
TAA08546,WNMG080412PH,CA510, 220.00 ,KKTAA08546
TAB08546,WNMG080412PH,CA515, 220.00 ,KKTAB08546
TAC08546,WNMG080412PH,CA525, 220.00 ,KKTAC08546
TAD08546,WNMG080412PH,CA530, 220.00 ,KKTAD08546
TAA08618,WNMG080412PP,CA510, 220.00 ,KKTAA08618
TAB08618,WNMG080412PP,CA515, 220.00 ,KKTAB08618
TAC08618,WNMG080412PP,CA525, 220.00 ,KKTAC08618
TAD08618,WNMG080412PP,CA530, 220.00 ,KKTAD08618
TJC08618,WNMG080412PP,PV7010, 290.00 ,KKTJC08618
TJM08618,WNMG080412PP,PV7025, 290.00 ,KKTJM08618
TLD08618,WNMG080412PP,PV720, 290.00 ,KKTLD08618
TSC08618,WNMG080412PP,TN6010, 230.00 ,KKTSC08618
TSQ08618,WNMG080412PP,TN6020, 230.00 ,KKTSQ08618
TSR08618,WNMG080412PP,TN620, 230.00 ,KKTSR08618
TAA08549,WNMG080412PQ,CA510, 220.00 ,KKTAA08549
TAB08549,WNMG080412PQ,CA515, 220.00 ,KKTAB08549
TAC08549,WNMG080412PQ,CA525, 220.00 ,KKTAC08549
TAD08549,WNMG080412PQ,CA530, 220.00 ,KKTAD08549
TJQ08549,WNMG080412PQ,CA5515, 245.00 ,KKTJQ08549
TJR08549,WNMG080412PQ,CA5525, 245.00 ,KKTJR08549
TAA08552,WNMG080412PS,CA510, 220.00 ,KKTAA08552
TAB08552,WNMG080412PS,CA515, 220.00 ,KKTAB08552
TAC08552,WNMG080412PS,CA525, 220.00 ,KKTAC08552
TAD08552,WNMG080412PS,CA530, 220.00 ,KKTAD08552
TJS08552,WNMG080412PS,CA5505, 245.00 ,KKTJS08552
TJQ08552,WNMG080412PS,CA5515, 245.00 ,KKTJQ08552
TJR08552,WNMG080412PS,CA5525, 245.00 ,KKTJR08552
TJT08552,WNMG080412PS,CA5535, 245.00 ,KKTJT08552
TJV08552,WNMG080412PS,CA6525, 220.00 ,KKTJV08552
TAA08557,WNMG080412PT,CA510, 220.00 ,KKTAA08557
TAB08557,WNMG080412PT,CA515, 220.00 ,KKTAB08557
TAC08557,WNMG080412PT,CA525, 220.00 ,KKTAC08557
TAD08557,WNMG080412PT,CA530, 220.00 ,KKTAD08557
TJS08557,WNMG080412PT,CA5505, 245.00 ,KKTJS08557
TJQ08557,WNMG080412PT,CA5515, 245.00 ,KKTJQ08557
TJR08557,WNMG080412PT,CA5525, 245.00 ,KKTJR08557
TJT08557,WNMG080412PT,CA5535, 245.00 ,KKTJT08557
TJU08557,WNMG080412PT,CA6515, 220.00 ,KKTJU08557
TAA08542,WNMG080412WQ,CA510, 220.00 ,KKTAA08542
TAB08542,WNMG080412WQ,CA515, 220.00 ,KKTAB08542
TAC08542,WNMG080412WQ,CA525, 220.00 ,KKTAC08542
TAD08542,WNMG080412WQ,CA530, 220.00 ,KKTAD08542
TJS08542,WNMG080412WQ,CA5505, 245.00 ,KKTJS08542
TJQ08542,WNMG080412WQ,CA5515, 245.00 ,KKTJQ08542
TJR08542,WNMG080412WQ,CA5525, 245.00 ,KKTJR08542
TJL08652,WNMG080412WQ,PV7020, 300.00 ,KKTJL08652
TJM08652,WNMG080412WQ,PV7025, 290.00 ,KKTJM08652
TLD08652,WNMG080412WQ,PV720, 290.00 ,KKTLD08652
TSQ08652,WNMG080412WQ,TN6020, 230.00 ,KKTSQ08652
TSR08652,WNMG080412WQ,TN620, 230.00 ,KKTSR08652
TJD08621,WNMG080412ZS,CA4505, 220.00 ,KKTJD08621
TJH08621,WNMG080412ZS,CA4515, 220.00 ,KKTJH08621
TJS08621,WNMG080412ZS,CA5505, 245.00 ,KKTJS08621
TAA08613,WNMG080416PG,CA510, 220.00 ,KKTAA08613
TAB08613,WNMG080416PG,CA515, 220.00 ,KKTAB08613
TAC08613,WNMG080416PG,CA525, 220.00 ,KKTAC08613
TAD08613,WNMG080416PG,CA530, 220.00 ,KKTAD08613
TAA08553,WNMG080416PS,CA510, 220.00 ,KKTAA08553
TAB08553,WNMG080416PS,CA515, 220.00 ,KKTAB08553
TAC08553,WNMG080416PS,CA525, 220.00 ,KKTAC08553
TAD08553,WNMG080416PS,CA530, 220.00 ,KKTAD08553
TJQ08553,WNMG080416PS,CA5515, 245.00 ,KKTJQ08553
TJR08553,WNMG080416PS,CA5525, 245.00 ,KKTJR08553
TBE00460,WNMM080402M,KPD010," 4,495.00 ",KKTBE00460
TBR07300,WNMM080402M-NE,KPD001," 4,085.00 ",KKTBR07300
TBR07360,WNMM080402M-SE,KPD001," 1,830.00 ",KKTBR07360
TBE02450,WNMM080402M-SE,KPD010," 1,900.00 ",KKTBE02450
TBE00461,WNMM080404M,KPD010," 4,495.00 ",KKTBE00461
TBR07301,WNMM080404M-NE,KPD001," 4,085.00 ",KKTBR07301
TBR07361,WNMM080404M-SE,KPD001," 1,830.00 ",KKTBR07361
TBE02451,WNMM080404M-SE,KPD010," 1,900.00 ",KKTBE02451
TBE02452,WNMM080408M-SE,KPD010," 1,900.00 ",KKTBE02452
TJR68650,WNMP080404TK,CA5525, 245.00 ,KKTJR68650
TJR68651,WNMP080408TK,CA5525, 245.00 ,KKTJR68651
TMA09305,WNMU080604EN-GM,CA6535, 580.00 ,KKTMA09305
TLA09305,WNMU080604EN-GM,PR1510, 580.00 ,KKTLA09305
TLB09305,WNMU080604EN-GM,PR1525, 580.00 ,KKTLB09305
TLC09305,WNMU080604EN-GM,PR1535, 580.00 ,KKTLC09305
TMA09312,WNMU080608EN-GH,CA6535, 580.00 ,KKTMA09312
TLA09312,WNMU080608EN-GH,PR1510, 580.00 ,KKTLA09312
TLB09312,WNMU080608EN-GH,PR1525, 580.00 ,KKTLB09312
TLC09312,WNMU080608EN-GH,PR1535, 580.00 ,KKTLC09312
TMA09310,WNMU080608EN-GM,CA6535, 580.00 ,KKTMA09310
TLA09310,WNMU080608EN-GM,PR1510, 580.00 ,KKTLA09310
TLB09310,WNMU080608EN-GM,PR1525, 580.00 ,KKTLB09310
TLC09310,WNMU080608EN-GM,PR1535, 580.00 ,KKTLC09310
TMA09311,WNMU080608EN-SM,CA6535, 580.00 ,KKTMA09311
TLA09311,WNMU080608EN-SM,PR1510, 580.00 ,KKTLA09311
TLB09311,WNMU080608EN-SM,PR1525, 580.00 ,KKTLB09311
TLC09311,WNMU080608EN-SM,PR1535, 580.00 ,KKTLC09311
TJR64301,WNMX080404EL,CA5525, 245.00 ,KKTJR64301
TJR64300,WNMX080404ER,CA5525, 245.00 ,KKTJR64300
TJR64306,WNMX080408EL,CA5525, 245.00 ,KKTJR64306
TJR64305,WNMX080408ER,CA5525, 245.00 ,KKTJR64305
TPC02908,WOF07R,PARTS," 1,025.00 ",KKTPC02908
TPC02925,WP-1S,PARTS, 115.00 ,KKTPC02925
TPC02930,WP-2,PARTS, 115.00 ,KKTPC02930
TPC02935,WP5X11,PARTS, 325.00 ,KKTPC02935
TPC02940,WP5X15,PARTS, 325.00 ,KKTPC02940
TWE00631,WPGT110202L-Y,KW10, 330.00 ,KKTWE00631
TKT04350,WPGT110202L-Y,PR930, 440.00 ,KKTKT04350
TSJ03900,WPGT110202L-Y,TN60, 310.00 ,KKTSJ03900
TWE00633,WPGT110204L-Y,KW10, 330.00 ,KKTWE00633
TKT04352,WPGT110204L-Y,PR930, 440.00 ,KKTKT04352
TKZ04352,WPGT110204L-Y,PV90, 430.00 ,KKTKZ04352
TSJ03920,WPGT110204L-Y,TN60, 310.00 ,KKTSJ03920
TSQ08902,WPGT110204L-Y,TN6020, 280.00 ,KKTSQ08902
TJX08902,WPGT110204ML-Y,PR1005, 440.00 ,KKTJX08902
TJW08902,WPGT110204ML-Y,PR1025, 440.00 ,KKTJW08902
TJX08903,WPGT110204MR-Y,PR1005, 440.00 ,KKTJX08903
TKT04353,WPGT110204R-Y,PR930, 440.00 ,KKTKT04353
TWE00635,WPGT160304L-Y,KW10, 390.00 ,KKTWE00635
TKT04360,WPGT160304L-Y,PR930, 540.00 ,KKTKT04360
TSJ03940,WPGT160304L-Y,TN60, 370.00 ,KKTSJ03940
TSQ08910,WPGT160304L-Y,TN6020, 335.00 ,KKTSQ08910
TJX08910,WPGT160304ML-Y,PR1005, 540.00 ,KKTJX08910
TJW08911,WPGT160304MR-Y,PR1025, 540.00 ,KKTJW08911
TKT04361,WPGT160304R-Y,PR930, 540.00 ,KKTKT04361
TSJ03950,WPGT160304R-Y,TN60, 370.00 ,KKTSJ03950
TKT04362,WPGT160308L-Y,PR930, 540.00 ,KKTKT04362
TKZ04362,WPGT160308L-Y,PV90, 525.00 ,KKTKZ04362
TWE00637,WPGT160308L-Y,KW10, 390.00 ,KKTWE00637
TWE00626,WPGW110202,KW10, 285.00 ,KKTWE00626
TWE00627,WPGW110204,KW10, 285.00 ,KKTWE00627
TWE00628,WPGW160304,KW10, 345.00 ,KKTWE00628
TWE00629,WPGW160308,KW10, 345.00 ,KKTWE00629
TBE00230,WPMT110202,KPD010," 4,920.00 ",KKTBE00230
TAA08710,WPMT110202HQ,CA510, 230.00 ,KKTAA08710
TAB08710,WPMT110202HQ,CA515, 230.00 ,KKTAB08710
TAC08710,WPMT110202HQ,CA525, 230.00 ,KKTAC08710
TAD08710,WPMT110202HQ,CA530, 230.00 ,KKTAD08710
TJQ08710,WPMT110202HQ,CA5515, 240.00 ,KKTJQ08710
TJR08710,WPMT110202HQ,CA5525, 240.00 ,KKTJR08710
TJW09010,WPMT110202HQ,PR1025, 250.00 ,KKTJW09010
TKT04300,WPMT110202HQ,PR930, 250.00 ,KKTKT04300
TKZ04300,WPMT110202HQ,PV90, 245.00 ,KKTKZ04300
TSJ03860,WPMT110202HQ,TN60, 195.00 ,KKTSJ03860
TLD09010,WPMT110202HQ,PV720, 230.00 ,KKTLD09010
TSR09010,WPMT110202HQ,TN620, 190.00 ,KKTSR09010
TBR07401,WPMT110202NE,KPD001," 4,475.00 ",KKTBR07401
TBR07560,WPMT110202SE,KPD001," 1,200.00 ",KKTBR07560
TAA08700,WPMT110204GP,CA510, 230.00 ,KKTAA08700
TAB08700,WPMT110204GP,CA515, 230.00 ,KKTAB08700
TAC08700,WPMT110204GP,CA525, 230.00 ,KKTAC08700
TAD08700,WPMT110204GP,CA530, 230.00 ,KKTAD08700
TJQ08700,WPMT110204GP,CA5515, 240.00 ,KKTJQ08700
TJR08700,WPMT110204GP,CA5525, 240.00 ,KKTJR08700
TJW09000,WPMT110204GP,PR1025, 250.00 ,KKTJW09000
TKT04311,WPMT110204GP,PR930, 250.00 ,KKTKT04311
TKZ04311,WPMT110204GP,PV90, 245.00 ,KKTKZ04311
TSJ03869,WPMT110204GP,TN60, 195.00 ,KKTSJ03869
TLD09001,WPMT110204GP,PV720, 230.00 ,KKTLD09001
TSR09001,WPMT110204GP,TN620, 190.00 ,KKTSR09001
TAA08711,WPMT110204HQ,CA510, 230.00 ,KKTAA08711
TAB08711,WPMT110204HQ,CA515, 230.00 ,KKTAB08711
TAC08711,WPMT110204HQ,CA525, 230.00 ,KKTAC08711
TAD08711,WPMT110204HQ,CA530, 230.00 ,KKTAD08711
TJQ08711,WPMT110204HQ,CA5515, 240.00 ,KKTJQ08711
TJR08711,WPMT110204HQ,CA5525, 240.00 ,KKTJR08711
TJT08711,WPMT110204HQ,CA5535, 240.00 ,KKTJT08711
TJU08711,WPMT110204HQ,CA6515, 230.00 ,KKTJU08711
TJV08711,WPMT110204HQ,CA6525, 230.00 ,KKTJV08711
TJW09011,WPMT110204HQ,PR1025, 250.00 ,KKTJW09011
TJZ08711,WPMT110204HQ,PR1125, 230.00 ,KKTJZ08711
TKT04301,WPMT110204HQ,PR930, 245.00 ,KKTKT04301
TJC09011,WPMT110204HQ,PV7010, 230.00 ,KKTJC09011
TJL09011,WPMT110204HQ,PV7020, 245.00 ,KKTJL09011
TJM09011,WPMT110204HQ,PV7025, 230.00 ,KKTJM09011
TLD09011,WPMT110204HQ,PV720, 230.00 ,KKTLD09011
TKZ04301,WPMT110204HQ,PV90, 245.00 ,KKTKZ04301
TSJ03870,WPMT110204HQ,TN60, 195.00 ,KKTSJ03870
TSC09011,WPMT110204HQ,TN6010, 190.00 ,KKTSC09011
TSQ09011,WPMT110204HQ,TN6020, 190.00 ,KKTSQ09011
TSR09011,WPMT110204HQ,TN620, 190.00 ,KKTSR09011
TAA08750,WPMT160304GP,CA510, 275.00 ,KKTAA08750
TAB08750,WPMT160304GP,CA515, 275.00 ,KKTAB08750
TAC08750,WPMT160304GP,CA525, 275.00 ,KKTAC08750
TAD08750,WPMT160304GP,CA530, 275.00 ,KKTAD08750
TJQ08750,WPMT160304GP,CA5515, 290.00 ,KKTJQ08750
TJR08750,WPMT160304GP,CA5525, 290.00 ,KKTJR08750
TJW09005,WPMT160304GP,PR1025, 310.00 ,KKTJW09005
TKT04331,WPMT160304GP,PR930, 310.00 ,KKTKT04331
TKZ04331,WPMT160304GP,PV90, 300.00 ,KKTKZ04331
TSJ03879,WPMT160304GP,TN60, 250.00 ,KKTSJ03879
TLD09021,WPMT160304GP,PV720, 280.00 ,KKTLD09021
TSR09021,WPMT160304GP,TN620, 240.00 ,KKTSR09021
TAA08760,WPMT160304HQ,CA510, 275.00 ,KKTAA08760
TAB08760,WPMT160304HQ,CA515, 275.00 ,KKTAB08760
TAC08760,WPMT160304HQ,CA525, 275.00 ,KKTAC08760
TAD08760,WPMT160304HQ,CA530, 275.00 ,KKTAD08760
TJQ08760,WPMT160304HQ,CA5515, 290.00 ,KKTJQ08760
TJR08760,WPMT160304HQ,CA5525, 290.00 ,KKTJR08760
TJT08760,WPMT160304HQ,CA5535, 290.00 ,KKTJT08760
TJU08760,WPMT160304HQ,CA6515, 275.00 ,KKTJU08760
TJV08760,WPMT160304HQ,CA6525, 275.00 ,KKTJV08760
TJW09015,WPMT160304HQ,PR1025, 310.00 ,KKTJW09015
TJZ08760,WPMT160304HQ,PR1125, 275.00 ,KKTJZ08760
TKT04320,WPMT160304HQ,PR930, 310.00 ,KKTKT04320
TJC09015,WPMT160304HQ,PV7010, 280.00 ,KKTJC09015
TJL09015,WPMT160304HQ,PV7020, 300.00 ,KKTJL09015
TJM09015,WPMT160304HQ,PV7025, 280.00 ,KKTJM09015
TLD09015,WPMT160304HQ,PV720, 280.00 ,KKTLD09015
TKZ04320,WPMT160304HQ,PV90, 300.00 ,KKTKZ04320
TSJ03880,WPMT160304HQ,TN60, 250.00 ,KKTSJ03880
TSC09015,WPMT160304HQ,TN6010, 240.00 ,KKTSC09015
TSQ09015,WPMT160304HQ,TN6020, 240.00 ,KKTSQ09015
TSR09015,WPMT160304HQ,TN620, 240.00 ,KKTSR09015
TAA08761,WPMT160308HQ,CA510, 275.00 ,KKTAA08761
TAB08761,WPMT160308HQ,CA515, 275.00 ,KKTAB08761
TAC08761,WPMT160308HQ,CA525, 275.00 ,KKTAC08761
TAD08761,WPMT160308HQ,CA530, 275.00 ,KKTAD08761
TJQ08761,WPMT160308HQ,CA5515, 290.00 ,KKTJQ08761
TJR08761,WPMT160308HQ,CA5525, 290.00 ,KKTJR08761
TJT08761,WPMT160308HQ,CA5535, 290.00 ,KKTJT08761
TJU08761,WPMT160308HQ,CA6515, 275.00 ,KKTJU08761
TJV08761,WPMT160308HQ,CA6525, 275.00 ,KKTJV08761
TJW09016,WPMT160308HQ,PR1025, 310.00 ,KKTJW09016
TJZ08761,WPMT160308HQ,PR1125, 275.00 ,KKTJZ08761
TKT04321,WPMT160308HQ,PR930, 310.00 ,KKTKT04321
TJC09016,WPMT160308HQ,PV7010, 280.00 ,KKTJC09016
TJL09016,WPMT160308HQ,PV7020, 300.00 ,KKTJL09016
TJM09016,WPMT160308HQ,PV7025, 280.00 ,KKTJM09016
TLD09016,WPMT160308HQ,PV720, 280.00 ,KKTLD09016
TKZ04321,WPMT160308HQ,PV90, 300.00 ,KKTKZ04321
TSJ03890,WPMT160308HQ,TN60, 250.00 ,KKTSJ03890
TSC09016,WPMT160308HQ,TN6010, 240.00 ,KKTSC09016
TSQ09016,WPMT160308HQ,TN6020, 240.00 ,KKTSQ09016
TSR09016,WPMT160308HQ,TN620, 240.00 ,KKTSR09016
TPC02950,WSP-1,PARTS, 100.00 ,KKTPC02950
THC00682,WTENN2020K-16N,HOLDER," 2,655.00 ",KKTHC00682
THC00684,WTENN2525M-16N,HOLDER," 2,885.00 ",KKTHC00684
THC00623,WTJNL2020K-16N,HOLDER," 2,655.00 ",KKTHC00623
THC00625,WTJNL2525M-16N,HOLDER," 2,885.00 ",KKTHC00625
THC00622,WTJNR2020K-16N,HOLDER," 2,655.00 ",KKTHC00622
THC00624,WTJNR2525M-16N,HOLDER," 2,885.00 ",KKTHC00624
THC00663,WTKNL2020K-16N,HOLDER," 2,655.00 ",KKTHC00663
THC00665,WTKNL2525M-16N,HOLDER," 2,885.00 ",KKTHC00665
THC00662,WTKNR2020K-16N,HOLDER," 2,655.00 ",KKTHC00662
THC00664,WTKNR2525M-16N,HOLDER," 2,885.00 ",KKTHC00664
TPC02960,WTN-33,PARTS, 325.00 ,KKTPC02960
TPC02961,WTN-33-20,PARTS, 320.00 ,KKTPC02961
TPC02970,WTN-43,PARTS, 360.00 ,KKTPC02970
THC00563,WWLNL2020K-08,HOLDER," 3,580.00 ",KKTHC00563
THC00565,WWLNL2525M-08,HOLDER," 4,125.00 ",KKTHC00565
THC00562,WWLNR2020K-08,HOLDER," 3,580.00 ",KKTHC00562
THC00564,WWLNR2525M-08,HOLDER," 4,125.00 ",KKTHC00564
TPC02980,WWN-42,PARTS, 425.00 ,KKTPC02980
TPC02985,WWP-42,PARTS, 425.00 ,KKTPC02985
TPC02986,WWP-42-16,PARTS, 430.00 ,KKTPC02986
TWE04990,ZCMT050203,KW10, 200.00 ,KKTWE04990
TJE15100,ZCMT050203,PR1025, 325.00 ,KKTJE15100
TKA09470,ZCMT050203,PR1210, 310.00 ,KKTKA09470
TKB09470,ZCMT050203,PR1225, 310.00 ,KKTKB09470
TKC09470,ZCMT050203,PR1230, 310.00 ,KKTKC09470
TJK15100,ZCMT050203,PR830, 325.00 ,KKTJK15100
TJF15100,ZCMT050203,PR905, 325.00 ,KKTJF15100
TJG15100,ZCMT050203,PR915, 325.00 ,KKTJG15100
TKT04990,ZCMT050203,PR930, 310.00 ,KKTKT04990
TWE05046,ZCMT050203SP,KW10, 200.00 ,KKTWE05046
TJE15190,ZCMT050203SP,PR1025, 325.00 ,KKTJE15190
TKB09483,ZCMT050203SP,PR1225, 310.00 ,KKTKB09483
TKC09483,ZCMT050203SP,PR1230, 310.00 ,KKTKC09483
TJK15190,ZCMT050203SP,PR830, 325.00 ,KKTJK15190
TKT05058,ZCMT050203SP,PR930, 300.00 ,KKTKT05058
TJE15160,ZCMT050203SU,PR1025, 325.00 ,KKTJE15160
TKB09479,ZCMT050203SU,PR1225, 310.00 ,KKTKB09479
TKC09479,ZCMT050203SU,PR1230, 310.00 ,KKTKC09479
TJK15160,ZCMT050203SU,PR830, 325.00 ,KKTJK15160
TKT05050,ZCMT050203SU,PR930, 310.00 ,KKTKT05050
TWE05000,ZCMT06T204,KW10, 200.00 ,KKTWE05000
TJE15105,ZCMT06T204,PR1025, 325.00 ,KKTJE15105
TKA09471,ZCMT06T204,PR1210, 310.00 ,KKTKA09471
TKB09471,ZCMT06T204,PR1225, 310.00 ,KKTKB09471
TKC09471,ZCMT06T204,PR1230, 310.00 ,KKTKC09471
TJK15105,ZCMT06T204,PR830, 325.00 ,KKTJK15105
TJF15105,ZCMT06T204,PR905, 325.00 ,KKTJF15105
TJG15105,ZCMT06T204,PR915, 325.00 ,KKTJG15105
TKT05000,ZCMT06T204,PR930, 310.00 ,KKTKT05000
TWE05048,ZCMT06T204SP,KW10, 200.00 ,KKTWE05048
TJE15195,ZCMT06T204SP,PR1025, 325.00 ,KKTJE15195
TKB09484,ZCMT06T204SP,PR1225, 310.00 ,KKTKB09484
TKC09484,ZCMT06T204SP,PR1230, 310.00 ,KKTKC09484
TJK15195,ZCMT06T204SP,PR830, 325.00 ,KKTJK15195
TJG15195,ZCMT06T204SP,PR915, 325.00 ,KKTJG15195
TKT05059,ZCMT06T204SP,PR930, 300.00 ,KKTKT05059
TJE15165,ZCMT06T204SU,PR1025, 325.00 ,KKTJE15165
TKB09480,ZCMT06T204SU,PR1225, 310.00 ,KKTKB09480
TKC09480,ZCMT06T204SU,PR1230, 310.00 ,KKTKC09480
TJK15165,ZCMT06T204SU,PR830, 325.00 ,KKTJK15165
TKT05054,ZCMT06T204SU,PR930, 300.00 ,KKTKT05054
TWE05010,ZCMT080304,KW10, 200.00 ,KKTWE05010
TJE15110,ZCMT080304,PR1025, 325.00 ,KKTJE15110
TKA09472,ZCMT080304,PR1210, 310.00 ,KKTKA09472
TKB09472,ZCMT080304,PR1225, 310.00 ,KKTKB09472
TKC09472,ZCMT080304,PR1230, 310.00 ,KKTKC09472
TJK15110,ZCMT080304,PR830, 325.00 ,KKTJK15110
TJF15110,ZCMT080304,PR905, 325.00 ,KKTJF15110
TJG15110,ZCMT080304,PR915, 325.00 ,KKTJG15110
TKT05010,ZCMT080304,PR930, 310.00 ,KKTKT05010
TWE05050,ZCMT080304SP,KW10, 200.00 ,KKTWE05050
TJE15200,ZCMT080304SP,PR1025, 325.00 ,KKTJE15200
TKB09485,ZCMT080304SP,PR1225, 310.00 ,KKTKB09485
TKC09485,ZCMT080304SP,PR1230, 310.00 ,KKTKC09485
TJK15200,ZCMT080304SP,PR830, 325.00 ,KKTJK15200
TJG15200,ZCMT080304SP,PR915, 325.00 ,KKTJG15200
TKT05060,ZCMT080304SP,PR930, 300.00 ,KKTKT05060
TWE05020,ZCMT10T304,KW10, 230.00 ,KKTWE05020
TJE15115,ZCMT10T304,PR1025, 360.00 ,KKTJE15115
TKA09473,ZCMT10T304,PR1210, 350.00 ,KKTKA09473
TKB09473,ZCMT10T304,PR1225, 350.00 ,KKTKB09473
TKC09473,ZCMT10T304,PR1230, 350.00 ,KKTKC09473
TJK15115,ZCMT10T304,PR830, 360.00 ,KKTJK15115
TJF15115,ZCMT10T304,PR905, 360.00 ,KKTJF15115
TJG15115,ZCMT10T304,PR915, 335.00 ,KKTJG15115
TKT05020,ZCMT10T304,PR930, 345.00 ,KKTKT05020
TWE05053,ZCMT10T304SP,KW10, 230.00 ,KKTWE05053
TJE15205,ZCMT10T304SP,PR1025, 360.00 ,KKTJE15205
TKB09486,ZCMT10T304SP,PR1225, 350.00 ,KKTKB09486
TKC09486,ZCMT10T304SP,PR1230, 350.00 ,KKTKC09486
TJK15205,ZCMT10T304SP,PR830, 360.00 ,KKTJK15205
TKT05062,ZCMT10T304SP,PR930, 345.00 ,KKTKT05062
TWE05056,ZCMT12T304SP,KW10, 255.00 ,KKTWE05056
TJE15210,ZCMT12T304SP,PR1025, 415.00 ,KKTJE15210
TKB09487,ZCMT12T304SP,PR1225, 400.00 ,KKTKB09487
TKC09487,ZCMT12T304SP,PR1230, 400.00 ,KKTKC09487
TJK15210,ZCMT12T304SP,PR830, 415.00 ,KKTJK15210
TKT05064,ZCMT12T304SP,PR930, 395.00 ,KKTKT05064
TWE05030,ZCMT12T306,KW10, 255.00 ,KKTWE05030
TJE15120,ZCMT12T306,PR1025, 415.00 ,KKTJE15120
TKA09474,ZCMT12T306,PR1210, 400.00 ,KKTKA09474
TKB09474,ZCMT12T306,PR1225, 400.00 ,KKTKB09474
TKC09474,ZCMT12T306,PR1230, 400.00 ,KKTKC09474
TJK15120,ZCMT12T306,PR830, 415.00 ,KKTJK15120
TJF15120,ZCMT12T306,PR905, 415.00 ,KKTJF15120
TJG15120,ZCMT12T306,PR915, 415.00 ,KKTJG15120
TKT05030,ZCMT12T306,PR930, 395.00 ,KKTKT05030
TWE05059,ZCMT150406SP,KW10, 285.00 ,KKTWE05059
TJE15215,ZCMT150406SP,PR1025, 465.00 ,KKTJE15215
TKB09488,ZCMT150406SP,PR1225, 450.00 ,KKTKB09488
TKC09488,ZCMT150406SP,PR1230, 450.00 ,KKTKC09488
TJK15215,ZCMT150406SP,PR830, 465.00 ,KKTJK15215
TKT05066,ZCMT150406SP,PR930, 445.00 ,KKTKT05066
TWE05040,ZCMT150408,KW10, 285.00 ,KKTWE05040
TJE15125,ZCMT150408,PR1025, 465.00 ,KKTJE15125
TKA09475,ZCMT150408,PR1210, 450.00 ,KKTKA09475
TKB09475,ZCMT150408,PR1225, 450.00 ,KKTKB09475
TKC09475,ZCMT150408,PR1230, 450.00 ,KKTKC09475
TJK15125,ZCMT150408,PR830, 465.00 ,KKTJK15125
TJF15125,ZCMT150408,PR905, 465.00 ,KKTJF15125
TJG15125,ZCMT150408,PR915, 465.00 ,KKTJG15125
TKT05040,ZCMT150408,PR930, 445.00 ,KKTKT05040
TWE65043,ZCMT200608,KW10, 395.00 ,KKTWE65043
TKC09476,ZCMT200608,PR1230, 555.00 ,KKTKC09476
TJK15130,ZCMT200608,PR830, 620.00 ,KKTJK15130
TJG15130,ZCMT200608,PR915, 620.00 ,KKTJG15130
TKT65043,ZCMT200608,PR930, 620.00 ,KKTKT65043
TKC09518,ZXMT030203GH-E,PR1230, 345.00 ,KKTKC09518
TKA09498,ZXMT030203GM-E,PR1210, 345.00 ,KKTKA09498
TKC09498,ZXMT030203GM-E,PR1230, 345.00 ,KKTKC09498
TWF15299,ZXMT030203GM-I,GW15, 290.00 ,KKTWF15299
TKA09500,ZXMT030203GM-I,PR1210, 345.00 ,KKTKA09500
TKB09500,ZXMT030203GM-I,PR1225, 345.00 ,KKTKB09500
TKC09500,ZXMT030203GM-I,PR1230, 345.00 ,KKTKC09500
TWF15298,ZXMT030203SM-E,GW15, 290.00 ,KKTWF15298
TKB09536,ZXMT030203SM-E,PR1225, 345.00 ,KKTKB09536
TKC09520,ZXMT040203GH,PR1230, 380.00 ,KKTKC09520
TKA09502,ZXMT040203GM,PR1210, 380.00 ,KKTKA09502
TKC09502,ZXMT040203GM,PR1230, 380.00 ,KKTKC09502
TWF15300,ZXMT040203SM,GW15, 345.00 ,KKTWF15300
TKB09540,ZXMT040203SM,PR1225, 380.00 ,KKTKB09540
TKC09522,ZXMT05T203GH,PR1230, 380.00 ,KKTKC09522
TKA09504,ZXMT05T203GM,PR1210, 380.00 ,KKTKA09504
TKC09504,ZXMT05T203GM,PR1230, 380.00 ,KKTKC09504
TWF15301,ZXMT05T203SM,GW15, 345.00 ,KKTWF15301
TKB09542,ZXMT05T203SM,PR1225, 380.00 ,KKTKB09542
TKC09524,ZXMT06T204GH,PR1230, 380.00 ,KKTKC09524
TKA09506,ZXMT06T204GM,PR1210, 380.00 ,KKTKA09506
TKC09506,ZXMT06T204GM,PR1230, 380.00 ,KKTKC09506
TWF15302,ZXMT06T204SM,GW15, 345.00 ,KKTWF15302
TKB09544,ZXMT06T204SM,PR1225, 380.00 ,KKTKB09544
TKC09526,ZXMT070305GH,PR1230, 380.00 ,KKTKC09526
TKA09508,ZXMT070305GM,PR1210, 380.00 ,KKTKA09508
TKC09508,ZXMT070305GM,PR1230, 380.00 ,KKTKC09508
TWF15303,ZXMT070305SM,GW15, 345.00 ,KKTWF15303
TKB09546,ZXMT070305SM,PR1225, 380.00 ,KKTKB09546
TKC09528,ZXMT09T306GH,PR1230, 415.00 ,KKTKC09528
TKA09510,ZXMT09T306GM,PR1210, 415.00 ,KKTKA09510
TKC09510,ZXMT09T306GM,PR1230, 415.00 ,KKTKC09510
TWF15304,ZXMT09T306SM,GW15, 380.00 ,KKTWF15304
TKB09548,ZXMT09T306SM,PR1225, 415.00 ,KKTKB09548
TKC09530,ZXMT11T306GH,PR1230, 505.00 ,KKTKC09530
TKA09512,ZXMT11T306GM,PR1210, 505.00 ,KKTKA09512
TKC09512,ZXMT11T306GM,PR1230, 505.00 ,KKTKC09512
TWF15305,ZXMT11T306SM,GW15, 475.00 ,KKTWF15305
TKB09550,ZXMT11T306SM,PR1225, 505.00 ,KKTKB09550
TKC09532,ZXMT140408GH,PR1230, 600.00 ,KKTKC09532
TKA09514,ZXMT140408GM,PR1210, 600.00 ,KKTKA09514
TKC09514,ZXMT140408GM,PR1230, 600.00 ,KKTKC09514
TWF15306,ZXMT140408SM,GW15, 565.00 ,KKTWF15306
TKB09552,ZXMT140408SM,PR1225, 600.00 ,KKTKB09552
TKC09534,ZXMT170608GH,PR1230, 695.00 ,KKTKC09534
TKA09516,ZXMT170608GM,PR1210, 695.00 ,KKTKA09516
TKC09516,ZXMT170608GM,PR1230, 695.00 ,KKTKC09516
TWF15307,ZXMT170608SM,GW15, 660.00 ,KKTWF15307
TKB09554,ZXMT170608SM,PR1225, 695.00 ,KKTKB09554